"filename", "language", "JSON", "XML", "C#", "XAML", "comment", "blank", "total"
"c:\Users\zsolt\source\Salztal_Service_Wochenplan\src\Salztal.Dienstplanung.Application\AssemblyMarker.cs", "C#", 0, 0, 4, 0, 0, 2, 6
"c:\Users\zsolt\source\Salztal_Service_Wochenplan\src\Salztal.Dienstplanung.Application\Employees\ChangeEmployeeTypeCommand.cs", "C#", 0, 0, 69, 0, 0, 13, 82
"c:\Users\zsolt\source\Salztal_Service_Wochenplan\src\Salztal.Dienstplanung.Application\Employees\ChangeEmployeeTypeRequest.cs", "C#", 0, 0, 4, 0, 0, 2, 6
"c:\Users\zsolt\source\Salztal_Service_Wochenplan\src\Salztal.Dienstplanung.Application\Employees\CreateEmployeeCommand.cs", "C#", 0, 0, 51, 0, 0, 10, 61
"c:\Users\zsolt\source\Salztal_Service_Wochenplan\src\Salztal.Dienstplanung.Application\Employees\CreateEmployeeRequest.cs", "C#", 0, 0, 5, 0, 0, 2, 7
"c:\Users\zsolt\source\Salztal_Service_Wochenplan\src\Salztal.Dienstplanung.Application\Employees\DeactivateEmployeeCommand.cs", "C#", 0, 0, 54, 0, 0, 11, 65
"c:\Users\zsolt\source\Salztal_Service_Wochenplan\src\Salztal.Dienstplanung.Application\Employees\DeactivateEmployeeRequest.cs", "C#", 0, 0, 2, 0, 0, 2, 4
"c:\Users\zsolt\source\Salztal_Service_Wochenplan\src\Salztal.Dienstplanung.Application\Employees\DeleteEmployeeCommand.cs", "C#", 0, 0, 58, 0, 0, 12, 70
"c:\Users\zsolt\source\Salztal_Service_Wochenplan\src\Salztal.Dienstplanung.Application\Employees\DeleteEmployeeRequest.cs", "C#", 0, 0, 2, 0, 0, 2, 4
"c:\Users\zsolt\source\Salztal_Service_Wochenplan\src\Salztal.Dienstplanung.Application\Employees\EmployeeCommandErrors.cs", "C#", 0, 0, 108, 0, 0, 10, 118
"c:\Users\zsolt\source\Salztal_Service_Wochenplan\src\Salztal.Dienstplanung.Application\Employees\EmployeeCommandResult.cs", "C#", 0, 0, 64, 0, 0, 11, 75
"c:\Users\zsolt\source\Salztal_Service_Wochenplan\src\Salztal.Dienstplanung.Application\Employees\EmployeeDeleteStoreResult.cs", "C#", 0, 0, 7, 0, 0, 2, 9
"c:\Users\zsolt\source\Salztal_Service_Wochenplan\src\Salztal.Dienstplanung.Application\Employees\EmployeeDetailsSnapshot.cs", "C#", 0, 0, 8, 0, 0, 2, 10
"c:\Users\zsolt\source\Salztal_Service_Wochenplan\src\Salztal.Dienstplanung.Application\Employees\EmployeeOverviewItemSnapshot.cs", "C#", 0, 0, 12, 0, 0, 2, 14
"c:\Users\zsolt\source\Salztal_Service_Wochenplan\src\Salztal.Dienstplanung.Application\Employees\EmployeeOverviewSnapshot.cs", "C#", 0, 0, 10, 0, 0, 4, 14
"c:\Users\zsolt\source\Salztal_Service_Wochenplan\src\Salztal.Dienstplanung.Application\Employees\EmployeeReadData.cs", "C#", 0, 0, 22, 0, 0, 7, 29
"c:\Users\zsolt\source\Salztal_Service_Wochenplan\src\Salztal.Dienstplanung.Application\Employees\EmployeeSnapshotProjector.cs", "C#", 0, 0, 138, 0, 0, 18, 156
"c:\Users\zsolt\source\Salztal_Service_Wochenplan\src\Salztal.Dienstplanung.Application\Employees\EmployeeTypeCatalogSnapshot.cs", "C#", 0, 0, 10, 0, 0, 4, 14
"c:\Users\zsolt\source\Salztal_Service_Wochenplan\src\Salztal.Dienstplanung.Application\Employees\EmployeeTypeEligibilitySnapshot.cs", "C#", 0, 0, 6, 0, 0, 2, 8
"c:\Users\zsolt\source\Salztal_Service_Wochenplan\src\Salztal.Dienstplanung.Application\Employees\EmployeeTypeReferenceValidation.cs", "C#", 0, 0, 54, 0, 0, 7, 61
"c:\Users\zsolt\source\Salztal_Service_Wochenplan\src\Salztal.Dienstplanung.Application\Employees\EmployeeTypeSnapshot.cs", "C#", 0, 0, 26, 0, 0, 9, 35
"c:\Users\zsolt\source\Salztal_Service_Wochenplan\src\Salztal.Dienstplanung.Application\Employees\EmployeeWriteStoreResult.cs", "C#", 0, 0, 7, 0, 0, 2, 9
"c:\Users\zsolt\source\Salztal_Service_Wochenplan\src\Salztal.Dienstplanung.Application\Employees\GetEmployeeDetailsQuery.cs", "C#", 0, 0, 27, 0, 0, 8, 35
"c:\Users\zsolt\source\Salztal_Service_Wochenplan\src\Salztal.Dienstplanung.Application\Employees\GetEmployeeOverviewQuery.cs", "C#", 0, 0, 19, 0, 0, 5, 24
"c:\Users\zsolt\source\Salztal_Service_Wochenplan\src\Salztal.Dienstplanung.Application\Employees\GetEmployeeTypeCatalogQuery.cs", "C#", 0, 0, 19, 0, 0, 5, 24
"c:\Users\zsolt\source\Salztal_Service_Wochenplan\src\Salztal.Dienstplanung.Application\Employees\IChangeEmployeeTypeStore.cs", "C#", 0, 0, 10, 0, 0, 3, 13
"c:\Users\zsolt\source\Salztal_Service_Wochenplan\src\Salztal.Dienstplanung.Application\Employees\ICreateEmployeeStore.cs", "C#", 0, 0, 9, 0, 0, 3, 12
"c:\Users\zsolt\source\Salztal_Service_Wochenplan\src\Salztal.Dienstplanung.Application\Employees\IDeactivateEmployeeStore.cs", "C#", 0, 0, 9, 0, 0, 3, 12
"c:\Users\zsolt\source\Salztal_Service_Wochenplan\src\Salztal.Dienstplanung.Application\Employees\IDeleteEmployeeStore.cs", "C#", 0, 0, 8, 0, 0, 3, 11
"c:\Users\zsolt\source\Salztal_Service_Wochenplan\src\Salztal.Dienstplanung.Application\Employees\IEmployeeReader.cs", "C#", 0, 0, 5, 0, 0, 2, 7
"c:\Users\zsolt\source\Salztal_Service_Wochenplan\src\Salztal.Dienstplanung.Application\Employees\IReactivateEmployeeStore.cs", "C#", 0, 0, 10, 0, 0, 3, 13
"c:\Users\zsolt\source\Salztal_Service_Wochenplan\src\Salztal.Dienstplanung.Application\Employees\IUpdateEmployeeNameStore.cs", "C#", 0, 0, 9, 0, 0, 3, 12
"c:\Users\zsolt\source\Salztal_Service_Wochenplan\src\Salztal.Dienstplanung.Application\Employees\ReactivateEmployeeCommand.cs", "C#", 0, 0, 59, 0, 0, 12, 71
"c:\Users\zsolt\source\Salztal_Service_Wochenplan\src\Salztal.Dienstplanung.Application\Employees\ReactivateEmployeeRequest.cs", "C#", 0, 0, 2, 0, 0, 2, 4
"c:\Users\zsolt\source\Salztal_Service_Wochenplan\src\Salztal.Dienstplanung.Application\Employees\UpdateEmployeeNameCommand.cs", "C#", 0, 0, 63, 0, 0, 12, 75
"c:\Users\zsolt\source\Salztal_Service_Wochenplan\src\Salztal.Dienstplanung.Application\Employees\UpdateEmployeeNameRequest.cs", "C#", 0, 0, 5, 0, 0, 2, 7
"c:\Users\zsolt\source\Salztal_Service_Wochenplan\src\Salztal.Dienstplanung.Application\Salztal.Dienstplanung.Application.csproj", "XML", 0, 5, 0, 0, 0, 1, 6
"c:\Users\zsolt\source\Salztal_Service_Wochenplan\src\Salztal.Dienstplanung.Application\ServiceCatalog\CatalogEntryUpdateStoreResult.cs", "C#", 0, 0, 6, 0, 0, 2, 8
"c:\Users\zsolt\source\Salztal_Service_Wochenplan\src\Salztal.Dienstplanung.Application\ServiceCatalog\GetServiceCatalogQuery.cs", "C#", 0, 0, 70, 0, 0, 10, 80
"c:\Users\zsolt\source\Salztal_Service_Wochenplan\src\Salztal.Dienstplanung.Application\ServiceCatalog\IServiceCatalogReader.cs", "C#", 0, 0, 5, 0, 0, 2, 7
"c:\Users\zsolt\source\Salztal_Service_Wochenplan\src\Salztal.Dienstplanung.Application\ServiceCatalog\IShiftTypeStandardTimeUpdateStore.cs", "C#", 0, 0, 12, 0, 0, 4, 16
"c:\Users\zsolt\source\Salztal_Service_Wochenplan\src\Salztal.Dienstplanung.Application\ServiceCatalog\IWorkLocationUpdateStore.cs", "C#", 0, 0, 12, 0, 0, 4, 16
"c:\Users\zsolt\source\Salztal_Service_Wochenplan\src\Salztal.Dienstplanung.Application\ServiceCatalog\ReliefShiftPatternSnapshot.cs", "C#", 0, 0, 12, 0, 0, 2, 14
"c:\Users\zsolt\source\Salztal_Service_Wochenplan\src\Salztal.Dienstplanung.Application\ServiceCatalog\ServiceCatalogData.cs", "C#", 0, 0, 27, 0, 0, 8, 35
"c:\Users\zsolt\source\Salztal_Service_Wochenplan\src\Salztal.Dienstplanung.Application\ServiceCatalog\ServiceCatalogSnapshot.cs", "C#", 0, 0, 20, 0, 0, 7, 27
"c:\Users\zsolt\source\Salztal_Service_Wochenplan\src\Salztal.Dienstplanung.Application\ServiceCatalog\ShiftTypeSnapshot.cs", "C#", 0, 0, 10, 0, 0, 2, 12
"c:\Users\zsolt\source\Salztal_Service_Wochenplan\src\Salztal.Dienstplanung.Application\ServiceCatalog\ShiftTypeStandardTimeUpdateData.cs", "C#", 0, 0, 25, 0, 0, 8, 33
"c:\Users\zsolt\source\Salztal_Service_Wochenplan\src\Salztal.Dienstplanung.Application\ServiceCatalog\SplitShiftPatternSnapshot.cs", "C#", 0, 0, 9, 0, 0, 2, 11
"c:\Users\zsolt\source\Salztal_Service_Wochenplan\src\Salztal.Dienstplanung.Application\ServiceCatalog\UpdateShiftTypeStandardTimeCommand.cs", "C#", 0, 0, 153, 0, 0, 19, 172
"c:\Users\zsolt\source\Salztal_Service_Wochenplan\src\Salztal.Dienstplanung.Application\ServiceCatalog\UpdateShiftTypeStandardTimeRequest.cs", "C#", 0, 0, 5, 0, 0, 2, 7
"c:\Users\zsolt\source\Salztal_Service_Wochenplan\src\Salztal.Dienstplanung.Application\ServiceCatalog\UpdateShiftTypeStandardTimeResult.cs", "C#", 0, 0, 57, 0, 0, 11, 68
"c:\Users\zsolt\source\Salztal_Service_Wochenplan\src\Salztal.Dienstplanung.Application\ServiceCatalog\UpdateWorkLocationCommand.cs", "C#", 0, 0, 75, 0, 0, 11, 86
"c:\Users\zsolt\source\Salztal_Service_Wochenplan\src\Salztal.Dienstplanung.Application\ServiceCatalog\UpdateWorkLocationRequest.cs", "C#", 0, 0, 5, 0, 0, 2, 7
"c:\Users\zsolt\source\Salztal_Service_Wochenplan\src\Salztal.Dienstplanung.Application\ServiceCatalog\UpdateWorkLocationResult.cs", "C#", 0, 0, 51, 0, 0, 11, 62
"c:\Users\zsolt\source\Salztal_Service_Wochenplan\src\Salztal.Dienstplanung.Application\ServiceCatalog\WorkLocationSnapshot.cs", "C#", 0, 0, 5, 0, 0, 2, 7
"c:\Users\zsolt\source\Salztal_Service_Wochenplan\src\Salztal.Dienstplanung.Application\packages.lock.json", "JSON", 10, 0, 0, 0, 0, 0, 10
"c:\Users\zsolt\source\Salztal_Service_Wochenplan\src\Salztal.Dienstplanung.Desktop\App.xaml", "XAML", 0, 0, 0, 6, 0, 1, 7
"c:\Users\zsolt\source\Salztal_Service_Wochenplan\src\Salztal.Dienstplanung.Desktop\App.xaml.cs", "C#", 0, 0, 36, 0, 0, 4, 40
"c:\Users\zsolt\source\Salztal_Service_Wochenplan\src\Salztal.Dienstplanung.Desktop\AssemblyInfo.cs", "C#", 0, 0, 6, 0, 0, 3, 9
"c:\Users\zsolt\source\Salztal_Service_Wochenplan\src\Salztal.Dienstplanung.Desktop\Composition\CompositionMarker.cs", "C#", 0, 0, 4, 0, 0, 2, 6
"c:\Users\zsolt\source\Salztal_Service_Wochenplan\src\Salztal.Dienstplanung.Desktop\Composition\MainWindowComposition.cs", "C#", 0, 0, 76, 0, 0, 7, 83
"c:\Users\zsolt\source\Salztal_Service_Wochenplan\src\Salztal.Dienstplanung.Desktop\Composition\MainWindowDependencies.cs", "C#", 0, 0, 14, 0, 0, 3, 17
"c:\Users\zsolt\source\Salztal_Service_Wochenplan\src\Salztal.Dienstplanung.Desktop\Features\Employees\EmployeeEditorMode.cs", "C#", 0, 0, 8, 0, 0, 2, 10
"c:\Users\zsolt\source\Salztal_Service_Wochenplan\src\Salztal.Dienstplanung.Desktop\Features\Employees\EmployeeEligibilityItemViewModel.cs", "C#", 0, 0, 7, 0, 0, 2, 9
"c:\Users\zsolt\source\Salztal_Service_Wochenplan\src\Salztal.Dienstplanung.Desktop\Features\Employees\EmployeeOverviewItemViewModel.cs", "C#", 0, 0, 68, 0, 0, 17, 85
"c:\Users\zsolt\source\Salztal_Service_Wochenplan\src\Salztal.Dienstplanung.Desktop\Features\Employees\EmployeeOverviewView.xaml", "XAML", 0, 0, 0, 500, 0, 30, 530
"c:\Users\zsolt\source\Salztal_Service_Wochenplan\src\Salztal.Dienstplanung.Desktop\Features\Employees\EmployeeOverviewView.xaml.cs", "C#", 0, 0, 9, 0, 0, 3, 12
"c:\Users\zsolt\source\Salztal_Service_Wochenplan\src\Salztal.Dienstplanung.Desktop\Features\Employees\EmployeeOverviewViewModel.cs", "C#", 0, 0, 703, 0, 0, 99, 802
"c:\Users\zsolt\source\Salztal_Service_Wochenplan\src\Salztal.Dienstplanung.Desktop\Features\Employees\EmployeeTypeOptionViewModel.cs", "C#", 0, 0, 27, 0, 0, 10, 37
"c:\Users\zsolt\source\Salztal_Service_Wochenplan\src\Salztal.Dienstplanung.Desktop\Features\ServiceCatalog\ReliefShiftPatternViewModel.cs", "C#", 0, 0, 15, 0, 0, 2, 17
"c:\Users\zsolt\source\Salztal_Service_Wochenplan\src\Salztal.Dienstplanung.Desktop\Features\ServiceCatalog\ServiceCatalogViewModel.cs", "C#", 0, 0, 236, 0, 0, 34, 270
"c:\Users\zsolt\source\Salztal_Service_Wochenplan\src\Salztal.Dienstplanung.Desktop\Features\ServiceCatalog\ShiftTypeEditorViewModel.cs", "C#", 0, 0, 212, 0, 0, 35, 247
"c:\Users\zsolt\source\Salztal_Service_Wochenplan\src\Salztal.Dienstplanung.Desktop\Features\ServiceCatalog\ShiftTypeTimeOption.cs", "C#", 0, 0, 6, 0, 0, 3, 9
"c:\Users\zsolt\source\Salztal_Service_Wochenplan\src\Salztal.Dienstplanung.Desktop\Features\ServiceCatalog\SplitShiftPatternViewModel.cs", "C#", 0, 0, 8, 0, 0, 2, 10
"c:\Users\zsolt\source\Salztal_Service_Wochenplan\src\Salztal.Dienstplanung.Desktop\Features\ServiceCatalog\WorkLocationColorOption.cs", "C#", 0, 0, 2, 0, 0, 2, 4
"c:\Users\zsolt\source\Salztal_Service_Wochenplan\src\Salztal.Dienstplanung.Desktop\Features\ServiceCatalog\WorkLocationEditorViewModel.cs", "C#", 0, 0, 197, 0, 0, 29, 226
"c:\Users\zsolt\source\Salztal_Service_Wochenplan\src\Salztal.Dienstplanung.Desktop\MainWindow.xaml", "XAML", 0, 0, 0, 492, 0, 29, 521
"c:\Users\zsolt\source\Salztal_Service_Wochenplan\src\Salztal.Dienstplanung.Desktop\MainWindow.xaml.cs", "C#", 0, 0, 27, 0, 0, 6, 33
"c:\Users\zsolt\source\Salztal_Service_Wochenplan\src\Salztal.Dienstplanung.Desktop\MainWindowViewModel.cs", "C#", 0, 0, 17, 0, 0, 6, 23
"c:\Users\zsolt\source\Salztal_Service_Wochenplan\src\Salztal.Dienstplanung.Desktop\Salztal.Dienstplanung.Desktop.csproj", "XML", 0, 16, 0, 0, 0, 1, 17
"c:\Users\zsolt\source\Salztal_Service_Wochenplan\src\Salztal.Dienstplanung.Desktop\Shared\IUnexpectedErrorReporter.cs", "C#", 0, 0, 5, 0, 0, 2, 7
"c:\Users\zsolt\source\Salztal_Service_Wochenplan\src\Salztal.Dienstplanung.Desktop\Shared\TraceUnexpectedErrorReporter.cs", "C#", 0, 0, 14, 0, 0, 4, 18
"c:\Users\zsolt\source\Salztal_Service_Wochenplan\src\Salztal.Dienstplanung.Desktop\packages.lock.json", "JSON", 262, 0, 0, 0, 0, 0, 262
"c:\Users\zsolt\source\Salztal_Service_Wochenplan\src\Salztal.Dienstplanung.Domain\AssemblyMarker.cs", "C#", 0, 0, 4, 0, 0, 2, 6
"c:\Users\zsolt\source\Salztal_Service_Wochenplan\src\Salztal.Dienstplanung.Domain\Employees\Employee.cs", "C#", 0, 0, 103, 0, 0, 21, 124
"c:\Users\zsolt\source\Salztal_Service_Wochenplan\src\Salztal.Dienstplanung.Domain\Employees\EmployeeFirstName.cs", "C#", 0, 0, 26, 0, 0, 7, 33
"c:\Users\zsolt\source\Salztal_Service_Wochenplan\src\Salztal.Dienstplanung.Domain\Employees\EmployeeId.cs", "C#", 0, 0, 26, 0, 0, 7, 33
"c:\Users\zsolt\source\Salztal_Service_Wochenplan\src\Salztal.Dienstplanung.Domain\Employees\EmployeeLastName.cs", "C#", 0, 0, 26, 0, 0, 7, 33
"c:\Users\zsolt\source\Salztal_Service_Wochenplan\src\Salztal.Dienstplanung.Domain\Employees\EmployeeType.cs", "C#", 0, 0, 132, 0, 0, 24, 156
"c:\Users\zsolt\source\Salztal_Service_Wochenplan\src\Salztal.Dienstplanung.Domain\Employees\EmployeeTypeCode.cs", "C#", 0, 0, 26, 0, 0, 7, 33
"c:\Users\zsolt\source\Salztal_Service_Wochenplan\src\Salztal.Dienstplanung.Domain\Employees\EmployeeTypeId.cs", "C#", 0, 0, 26, 0, 0, 7, 33
"c:\Users\zsolt\source\Salztal_Service_Wochenplan\src\Salztal.Dienstplanung.Domain\Employees\EmployeeTypeName.cs", "C#", 0, 0, 26, 0, 0, 7, 33
"c:\Users\zsolt\source\Salztal_Service_Wochenplan\src\Salztal.Dienstplanung.Domain\Employees\EmployeeTypePlanningPolicy.cs", "C#", 0, 0, 29, 0, 0, 8, 37
"c:\Users\zsolt\source\Salztal_Service_Wochenplan\src\Salztal.Dienstplanung.Domain\Employees\EmployeeTypeShiftEligibility.cs", "C#", 0, 0, 100, 0, 0, 21, 121
"c:\Users\zsolt\source\Salztal_Service_Wochenplan\src\Salztal.Dienstplanung.Domain\Employees\EmployeeTypeShiftEligibilityValidationCode.cs", "C#", 0, 0, 9, 0, 0, 2, 11
"c:\Users\zsolt\source\Salztal_Service_Wochenplan\src\Salztal.Dienstplanung.Domain\Employees\EmployeeTypeShiftEligibilityValidationError.cs", "C#", 0, 0, 3, 0, 0, 2, 5
"c:\Users\zsolt\source\Salztal_Service_Wochenplan\src\Salztal.Dienstplanung.Domain\Employees\EmployeeTypeShiftEligibilityValidationResult.cs", "C#", 0, 0, 29, 0, 0, 8, 37
"c:\Users\zsolt\source\Salztal_Service_Wochenplan\src\Salztal.Dienstplanung.Domain\Employees\EmployeeTypeValidationCode.cs", "C#", 0, 0, 12, 0, 0, 2, 14
"c:\Users\zsolt\source\Salztal_Service_Wochenplan\src\Salztal.Dienstplanung.Domain\Employees\EmployeeTypeValidationError.cs", "C#", 0, 0, 2, 0, 0, 2, 4
"c:\Users\zsolt\source\Salztal_Service_Wochenplan\src\Salztal.Dienstplanung.Domain\Employees\EmployeeTypeValidationResult.cs", "C#", 0, 0, 28, 0, 0, 8, 36
"c:\Users\zsolt\source\Salztal_Service_Wochenplan\src\Salztal.Dienstplanung.Domain\Employees\EmployeeValidationCode.cs", "C#", 0, 0, 8, 0, 0, 2, 10
"c:\Users\zsolt\source\Salztal_Service_Wochenplan\src\Salztal.Dienstplanung.Domain\Employees\EmployeeValidationError.cs", "C#", 0, 0, 2, 0, 0, 2, 4
"c:\Users\zsolt\source\Salztal_Service_Wochenplan\src\Salztal.Dienstplanung.Domain\Employees\EmployeeValidationResult.cs", "C#", 0, 0, 28, 0, 0, 8, 36
"c:\Users\zsolt\source\Salztal_Service_Wochenplan\src\Salztal.Dienstplanung.Domain\Employees\InitialEmployeeTypeCatalog.cs", "C#", 0, 0, 168, 0, 0, 20, 188
"c:\Users\zsolt\source\Salztal_Service_Wochenplan\src\Salztal.Dienstplanung.Domain\Employees\ManualSuggestionPriority.cs", "C#", 0, 0, 6, 0, 0, 2, 8
"c:\Users\zsolt\source\Salztal_Service_Wochenplan\src\Salztal.Dienstplanung.Domain\Employees\ShiftEligibilityActivation.cs", "C#", 0, 0, 6, 0, 0, 2, 8
"c:\Users\zsolt\source\Salztal_Service_Wochenplan\src\Salztal.Dienstplanung.Domain\Employees\ShiftEligibilityMode.cs", "C#", 0, 0, 6, 0, 0, 2, 8
"c:\Users\zsolt\source\Salztal_Service_Wochenplan\src\Salztal.Dienstplanung.Domain\Employees\ShiftEligibilityTargetKind.cs", "C#", 0, 0, 6, 0, 0, 2, 8
"c:\Users\zsolt\source\Salztal_Service_Wochenplan\src\Salztal.Dienstplanung.Domain\Employees\WeeklyWorkTarget.cs", "C#", 0, 0, 32, 0, 0, 9, 41
"c:\Users\zsolt\source\Salztal_Service_Wochenplan\src\Salztal.Dienstplanung.Domain\Employees\WeeklyWorkTargetValidationCode.cs", "C#", 0, 0, 6, 0, 0, 2, 8
"c:\Users\zsolt\source\Salztal_Service_Wochenplan\src\Salztal.Dienstplanung.Domain\Salztal.Dienstplanung.Domain.csproj", "XML", 0, 1, 0, 0, 0, 1, 2
"c:\Users\zsolt\source\Salztal_Service_Wochenplan\src\Salztal.Dienstplanung.Domain\ShiftPatterns\IShiftPattern.cs", "C#", 0, 0, 6, 0, 0, 3, 9
"c:\Users\zsolt\source\Salztal_Service_Wochenplan\src\Salztal.Dienstplanung.Domain\ShiftPatterns\InitialShiftPatternCatalog.cs", "C#", 0, 0, 34, 0, 0, 10, 44
"c:\Users\zsolt\source\Salztal_Service_Wochenplan\src\Salztal.Dienstplanung.Domain\ShiftPatterns\ReliefShiftPattern.cs", "C#", 0, 0, 103, 0, 0, 25, 128
"c:\Users\zsolt\source\Salztal_Service_Wochenplan\src\Salztal.Dienstplanung.Domain\ShiftPatterns\ReliefShiftPatternValidationCode.cs", "C#", 0, 0, 12, 0, 0, 2, 14
"c:\Users\zsolt\source\Salztal_Service_Wochenplan\src\Salztal.Dienstplanung.Domain\ShiftPatterns\ReliefShiftPatternValidationError.cs", "C#", 0, 0, 2, 0, 0, 2, 4
"c:\Users\zsolt\source\Salztal_Service_Wochenplan\src\Salztal.Dienstplanung.Domain\ShiftPatterns\ReliefShiftPatternValidationResult.cs", "C#", 0, 0, 28, 0, 0, 8, 36
"c:\Users\zsolt\source\Salztal_Service_Wochenplan\src\Salztal.Dienstplanung.Domain\ShiftPatterns\ReliefShiftSwitchRule.cs", "C#", 0, 0, 5, 0, 0, 2, 7
"c:\Users\zsolt\source\Salztal_Service_Wochenplan\src\Salztal.Dienstplanung.Domain\ShiftPatterns\ShiftPatternId.cs", "C#", 0, 0, 26, 0, 0, 7, 33
"c:\Users\zsolt\source\Salztal_Service_Wochenplan\src\Salztal.Dienstplanung.Domain\ShiftPatterns\SplitShiftPattern.cs", "C#", 0, 0, 117, 0, 0, 24, 141
"c:\Users\zsolt\source\Salztal_Service_Wochenplan\src\Salztal.Dienstplanung.Domain\ShiftPatterns\SplitShiftPatternValidationCode.cs", "C#", 0, 0, 14, 0, 0, 2, 16
"c:\Users\zsolt\source\Salztal_Service_Wochenplan\src\Salztal.Dienstplanung.Domain\ShiftPatterns\SplitShiftPatternValidationError.cs", "C#", 0, 0, 2, 0, 0, 2, 4
"c:\Users\zsolt\source\Salztal_Service_Wochenplan\src\Salztal.Dienstplanung.Domain\ShiftPatterns\SplitShiftPatternValidationResult.cs", "C#", 0, 0, 28, 0, 0, 8, 36
"c:\Users\zsolt\source\Salztal_Service_Wochenplan\src\Salztal.Dienstplanung.Domain\ShiftTypes\InitialShiftTypeCatalog.cs", "C#", 0, 0, 68, 0, 0, 11, 79
"c:\Users\zsolt\source\Salztal_Service_Wochenplan\src\Salztal.Dienstplanung.Domain\ShiftTypes\ShiftStandardTime.cs", "C#", 0, 0, 51, 0, 0, 12, 63
"c:\Users\zsolt\source\Salztal_Service_Wochenplan\src\Salztal.Dienstplanung.Domain\ShiftTypes\ShiftStandardTimeValidationCode.cs", "C#", 0, 0, 9, 0, 0, 2, 11
"c:\Users\zsolt\source\Salztal_Service_Wochenplan\src\Salztal.Dienstplanung.Domain\ShiftTypes\ShiftStandardTimeValidationError.cs", "C#", 0, 0, 2, 0, 0, 2, 4
"c:\Users\zsolt\source\Salztal_Service_Wochenplan\src\Salztal.Dienstplanung.Domain\ShiftTypes\ShiftStandardTimeValidationResult.cs", "C#", 0, 0, 28, 0, 0, 8, 36
"c:\Users\zsolt\source\Salztal_Service_Wochenplan\src\Salztal.Dienstplanung.Domain\ShiftTypes\ShiftType.cs", "C#", 0, 0, 104, 0, 0, 23, 127
"c:\Users\zsolt\source\Salztal_Service_Wochenplan\src\Salztal.Dienstplanung.Domain\ShiftTypes\ShiftTypeDisplay.cs", "C#", 0, 0, 11, 0, 0, 4, 15
"c:\Users\zsolt\source\Salztal_Service_Wochenplan\src\Salztal.Dienstplanung.Domain\ShiftTypes\ShiftTypeDisplayKind.cs", "C#", 0, 0, 6, 0, 0, 2, 8
"c:\Users\zsolt\source\Salztal_Service_Wochenplan\src\Salztal.Dienstplanung.Domain\ShiftTypes\ShiftTypeId.cs", "C#", 0, 0, 26, 0, 0, 7, 33
"c:\Users\zsolt\source\Salztal_Service_Wochenplan\src\Salztal.Dienstplanung.Domain\ShiftTypes\ShiftTypeName.cs", "C#", 0, 0, 26, 0, 0, 7, 33
"c:\Users\zsolt\source\Salztal_Service_Wochenplan\src\Salztal.Dienstplanung.Domain\ShiftTypes\ShiftTypeValidationCode.cs", "C#", 0, 0, 11, 0, 0, 2, 13
"c:\Users\zsolt\source\Salztal_Service_Wochenplan\src\Salztal.Dienstplanung.Domain\ShiftTypes\ShiftTypeValidationError.cs", "C#", 0, 0, 2, 0, 0, 2, 4
"c:\Users\zsolt\source\Salztal_Service_Wochenplan\src\Salztal.Dienstplanung.Domain\ShiftTypes\ShiftTypeValidationResult.cs", "C#", 0, 0, 28, 0, 0, 8, 36
"c:\Users\zsolt\source\Salztal_Service_Wochenplan\src\Salztal.Dienstplanung.Domain\WorkLocations\InitialWorkLocationCatalog.cs", "C#", 0, 0, 26, 0, 0, 8, 34
"c:\Users\zsolt\source\Salztal_Service_Wochenplan\src\Salztal.Dienstplanung.Domain\WorkLocations\WorkLocation.cs", "C#", 0, 0, 51, 0, 0, 13, 64
"c:\Users\zsolt\source\Salztal_Service_Wochenplan\src\Salztal.Dienstplanung.Domain\WorkLocations\WorkLocationColor.cs", "C#", 0, 0, 26, 0, 0, 7, 33
"c:\Users\zsolt\source\Salztal_Service_Wochenplan\src\Salztal.Dienstplanung.Domain\WorkLocations\WorkLocationId.cs", "C#", 0, 0, 26, 0, 0, 7, 33
"c:\Users\zsolt\source\Salztal_Service_Wochenplan\src\Salztal.Dienstplanung.Domain\WorkLocations\WorkLocationName.cs", "C#", 0, 0, 26, 0, 0, 7, 33
"c:\Users\zsolt\source\Salztal_Service_Wochenplan\src\Salztal.Dienstplanung.Domain\WorkLocations\WorkLocationValidationCode.cs", "C#", 0, 0, 7, 0, 0, 2, 9
"c:\Users\zsolt\source\Salztal_Service_Wochenplan\src\Salztal.Dienstplanung.Domain\WorkLocations\WorkLocationValidationError.cs", "C#", 0, 0, 2, 0, 0, 2, 4
"c:\Users\zsolt\source\Salztal_Service_Wochenplan\src\Salztal.Dienstplanung.Domain\WorkLocations\WorkLocationValidationResult.cs", "C#", 0, 0, 28, 0, 0, 8, 36
"c:\Users\zsolt\source\Salztal_Service_Wochenplan\src\Salztal.Dienstplanung.Domain\packages.lock.json", "JSON", 6, 0, 0, 0, 0, 0, 6
"c:\Users\zsolt\source\Salztal_Service_Wochenplan\src\Salztal.Dienstplanung.Excel\AssemblyMarker.cs", "C#", 0, 0, 4, 0, 0, 2, 6
"c:\Users\zsolt\source\Salztal_Service_Wochenplan\src\Salztal.Dienstplanung.Excel\Salztal.Dienstplanung.Excel.csproj", "XML", 0, 5, 0, 0, 0, 1, 6
"c:\Users\zsolt\source\Salztal_Service_Wochenplan\src\Salztal.Dienstplanung.Excel\packages.lock.json", "JSON", 16, 0, 0, 0, 0, 0, 16
"c:\Users\zsolt\source\Salztal_Service_Wochenplan\src\Salztal.Dienstplanung.Infrastructure\AssemblyInfo.cs", "C#", 0, 0, 2, 0, 0, 2, 4
"c:\Users\zsolt\source\Salztal_Service_Wochenplan\src\Salztal.Dienstplanung.Infrastructure\AssemblyMarker.cs", "C#", 0, 0, 4, 0, 0, 2, 6
"c:\Users\zsolt\source\Salztal_Service_Wochenplan\src\Salztal.Dienstplanung.Infrastructure\Persistence\Employees\EmployeeEntity.cs", "C#", 0, 0, 10, 0, 0, 7, 17
"c:\Users\zsolt\source\Salztal_Service_Wochenplan\src\Salztal.Dienstplanung.Infrastructure\Persistence\Employees\EmployeeEntityConfiguration.cs", "C#", 0, 0, 36, 0, 0, 5, 41
"c:\Users\zsolt\source\Salztal_Service_Wochenplan\src\Salztal.Dienstplanung.Infrastructure\Persistence\Employees\EmployeeTypeEntity.cs", "C#", 0, 0, 13, 0, 0, 10, 23
"c:\Users\zsolt\source\Salztal_Service_Wochenplan\src\Salztal.Dienstplanung.Infrastructure\Persistence\Employees\EmployeeTypeEntityConfiguration.cs", "C#", 0, 0, 49, 0, 0, 5, 54
"c:\Users\zsolt\source\Salztal_Service_Wochenplan\src\Salztal.Dienstplanung.Infrastructure\Persistence\Employees\EmployeeTypeShiftEligibilityEntity.cs", "C#", 0, 0, 16, 0, 0, 12, 28
"c:\Users\zsolt\source\Salztal_Service_Wochenplan\src\Salztal.Dienstplanung.Infrastructure\Persistence\Employees\EmployeeTypeShiftEligibilityEntityConfiguration.cs", "C#", 0, 0, 92, 0, 0, 8, 100
"c:\Users\zsolt\source\Salztal_Service_Wochenplan\src\Salztal.Dienstplanung.Infrastructure\Persistence\Employees\SqliteEmployeeStore.cs", "C#", 0, 0, 413, 0, 0, 59, 472
"c:\Users\zsolt\source\Salztal_Service_Wochenplan\src\Salztal.Dienstplanung.Infrastructure\Persistence\ServiceCatalog\Migrations\20260913202156_InitialServiceCatalog.Designer.cs", "C#", 0, 0, 197, 0, 2, 44, 243
"c:\Users\zsolt\source\Salztal_Service_Wochenplan\src\Salztal.Dienstplanung.Infrastructure\Persistence\ServiceCatalog\Migrations\20260913202156_InitialServiceCatalog.cs", "C#", 0, 0, 139, 0, 3, 17, 159
"c:\Users\zsolt\source\Salztal_Service_Wochenplan\src\Salztal.Dienstplanung.Infrastructure\Persistence\ServiceCatalog\Migrations\20260914005039_AddEmployeesAndEmployeeTypes.Designer.cs", "C#", 0, 0, 748, 0, 2, 94, 844
"c:\Users\zsolt\source\Salztal_Service_Wochenplan\src\Salztal.Dienstplanung.Infrastructure\Persistence\ServiceCatalog\Migrations\20260914005039_AddEmployeesAndEmployeeTypes.cs", "C#", 0, 0, 193, 0, 3, 17, 213
"c:\Users\zsolt\source\Salztal_Service_Wochenplan\src\Salztal.Dienstplanung.Infrastructure\Persistence\ServiceCatalog\Migrations\ServiceCatalogDbContextModelSnapshot.cs", "C#", 0, 0, 746, 0, 1, 94, 841
"c:\Users\zsolt\source\Salztal_Service_Wochenplan\src\Salztal.Dienstplanung.Infrastructure\Persistence\ServiceCatalog\ServiceCatalogDbContext.cs", "C#", 0, 0, 23, 0, 0, 9, 32
"c:\Users\zsolt\source\Salztal_Service_Wochenplan\src\Salztal.Dienstplanung.Infrastructure\Persistence\ServiceCatalog\ServiceCatalogDbContextFactory.cs", "C#", 0, 0, 30, 0, 0, 6, 36
"c:\Users\zsolt\source\Salztal_Service_Wochenplan\src\Salztal.Dienstplanung.Infrastructure\Persistence\ServiceCatalog\ServiceCatalogDesignTimeDbContextFactory.cs", "C#", 0, 0, 13, 0, 0, 4, 17
"c:\Users\zsolt\source\Salztal_Service_Wochenplan\src\Salztal.Dienstplanung.Infrastructure\Persistence\ServiceCatalog\ShiftPatternEntity.cs", "C#", 0, 0, 16, 0, 0, 13, 29
"c:\Users\zsolt\source\Salztal_Service_Wochenplan\src\Salztal.Dienstplanung.Infrastructure\Persistence\ServiceCatalog\ShiftPatternEntityConfiguration.cs", "C#", 0, 0, 62, 0, 0, 11, 73
"c:\Users\zsolt\source\Salztal_Service_Wochenplan\src\Salztal.Dienstplanung.Infrastructure\Persistence\ServiceCatalog\ShiftTypeEntity.cs", "C#", 0, 0, 13, 0, 0, 10, 23
"c:\Users\zsolt\source\Salztal_Service_Wochenplan\src\Salztal.Dienstplanung.Infrastructure\Persistence\ServiceCatalog\ShiftTypeEntityConfiguration.cs", "C#", 0, 0, 47, 0, 0, 7, 54
"c:\Users\zsolt\source\Salztal_Service_Wochenplan\src\Salztal.Dienstplanung.Infrastructure\Persistence\ServiceCatalog\SqliteServiceCatalogStore.cs", "C#", 0, 0, 309, 0, 0, 59, 368
"c:\Users\zsolt\source\Salztal_Service_Wochenplan\src\Salztal.Dienstplanung.Infrastructure\Persistence\ServiceCatalog\StoredShiftPatternKind.cs", "C#", 0, 0, 6, 0, 0, 2, 8
"c:\Users\zsolt\source\Salztal_Service_Wochenplan\src\Salztal.Dienstplanung.Infrastructure\Persistence\ServiceCatalog\WorkLocationEntity.cs", "C#", 0, 0, 7, 0, 0, 4, 11
"c:\Users\zsolt\source\Salztal_Service_Wochenplan\src\Salztal.Dienstplanung.Infrastructure\Persistence\ServiceCatalog\WorkLocationEntityConfiguration.cs", "C#", 0, 0, 32, 0, 0, 5, 37
"c:\Users\zsolt\source\Salztal_Service_Wochenplan\src\Salztal.Dienstplanung.Infrastructure\Persistence\SharedDatabaseMigrationBoundary.cs", "C#", 0, 0, 8, 0, 0, 3, 11
"c:\Users\zsolt\source\Salztal_Service_Wochenplan\src\Salztal.Dienstplanung.Infrastructure\Salztal.Dienstplanung.Infrastructure.csproj", "XML", 0, 13, 0, 0, 0, 1, 14
"c:\Users\zsolt\source\Salztal_Service_Wochenplan\src\Salztal.Dienstplanung.Infrastructure\packages.lock.json", "JSON", 356, 0, 0, 0, 0, 0, 356
"c:\Users\zsolt\source\Salztal_Service_Wochenplan\src\Salztal.Dienstplanung.Planning\AssemblyMarker.cs", "C#", 0, 0, 4, 0, 0, 2, 6
"c:\Users\zsolt\source\Salztal_Service_Wochenplan\src\Salztal.Dienstplanung.Planning\Salztal.Dienstplanung.Planning.csproj", "XML", 0, 9, 0, 0, 0, 1, 10
"c:\Users\zsolt\source\Salztal_Service_Wochenplan\src\Salztal.Dienstplanung.Planning\packages.lock.json", "JSON", 60, 0, 0, 0, 0, 0, 60
"Total", "-", 710, 49, 8279, 998, 11, 1599, 11646